id,tweet_text,emoji,classification
826126383214653440,pagin parl ,[],neutral
826127813124247552,bell song ball tranquill ,[],positive 
826131384024563714,mission elimin pregiudiz confront riuscir ,[] ,neutral
826138111273029633,puo invit ospit interazional alessandr parl ,[] , neutral
826140767718666241,sanrem scopert prov ,[] ,neutral 
826144083970256896,guard classif ,[] ,neutral 
826145184127791104,vogl festival ,['__EMOT_POS'] ,positive
826327062386442240,traffic sguard met que sorris spent strad ,['__EMOT_POS'] ,positive
826348778370248705,lett test test amo cont amor delud ,[] ,positive
826751860761559041,pezz aiut ,['__EMOT_POS'] ,positive
826753972304216070,test bran bellissim compl ,[] ,positive
826759792253399041,canter innamor luig tenc ,[] ,positive
826763958224818176,signor aiutam ,[] ,negative
826766515882119169,edicol dedic ,[] ,neutral
826773080223662081,ved l'or scopr look ,['__EMOT_POS'] ,positive
826777657048178688,pres numer imperd ,['__EMOT_POS'] ,positive
826782664191516672,manc pront ,"['__EMOT_POS', '__EMOT_NEUT'] ",neutral
826789573330141184,pront andar bancarott ,['__EMOT_POS'] ,positive
826791460011917312,emozion ved l'or ,['__EMOT_POS'] ,positive
826791712030855168,abruzzes pront ,['__EMOT_POS'] ,positive
826791819744772097,ferm punt ,[] ,negative
826792429617561604,vorre occhi ,['__EMOT_POS'] ,positive
826792564825137152,vorre fart ved vis com' camb rug graff ,[] ,neutral
826794172053065728,guard amo serg endrig interpret aspett ,['__EMOT_POS'] ,positive
826795382650847233,ver delud unico ,['__EMOT_POS'] ,positive
826797678122000384,test magnif ,['__EMOT_POS'] ,positive
826799582097072129,tiz ferr torn superosp omagg ,[] ,neutral
826800098977914882,vorre occhi ,['__EMOT_POS'] ,positive
826800962216067072,omagg luig tenc duett terz dat mil ,[] ,neutral
826802260923523072,dire..tt dall'ariston story dire.it ,[] ,neutral
826803643915595778,aspett ,['__EMOT_POS'] ,positive
826808026992631810,keanu reeves vol mort ,[] ,neutral
826809013404893184,fatec cant diritt palc ,[] ,neutral
826810238804303872,me..sper ved prest ,[] ,positive
826815534381555713,sal palc stra felic stra orgogl ,[] ,positive
826815736005943296,pezz biancaatze gar l'av scritt l'ho ,[] ,negative
826816114982273028,decan dell'ostetric anna pollacc nasc bambin conosc ,[] ,neutral
826817045945864192,applaus personal artist fiorellamannoi rimess gioc rock ,[] ,positive
826821652554072064,eta med big ,[] ,neutral
826821921824264193,un'emozion camb ragion ,[] ,neutral
826825389867687936,sfid tracc concorrent ,[] ,neutral
826825802226491393,parl quiz festival canzon ,['__EMOT_NEUT'] ,neutral
826829114338312192,mot guard ,[] ,positive
826833135677616128,sap dirm sanrem gentil iniz procession spar fuoc ,[] ,neutral
826836858541842432,amaregg polem compens ,[] ,negative 
826838563367026690,festival sol ,[], neutral
826843200790863872,"comunque,l canzon potr bellissim pront giudic disprezz ",[] ,positive 
826844249362747394,ship ver amor ,['__EMOT_POS'] ,positive
826847007616675840,legg pens immagin ved l'or ,['__EMOT_POS'] ,positive
826848483172814849,patty gigliol cinguett tot cotugn quest'ann sanrem aggiung cert ludov comell ,[] ,neutral
826852156787609601,divers miglior ,[] ,neutral
826854828513120256,.eur period l'ital viv decis tropp ,[] ,negative
826859163728957441,tiz ferr omagg tenc innamor ,[] ,neutral
826859709756035093,vogl festival ,[] ,neutral
826871728043335681,robert arman decid abit ser dic poss camb par incostituzional ,[], negative
826874050412740610,innamor poss accett fatt cluster ,[] ,positive
826875510756143105,conduzion dirig l'orchestr ,[], neutral
826877932429643780,attes alien arriv cant terr promess delusion ,[], negative
826878495154388994,bellissim microf ver cant ,[], neutral
826881116758011905,rtt vol feder sciarell ,[], neutral
826884102674579456,straordinar ,[], positive
826885489991024649,esegu cappell ,[], neutral
826886578748477440,inorrid centesim pass ,[], negative
826887873987239936,vogl festival ,[], neutral
826888202392858625,arriv tant tant interv vol legg l'imbarazz scelt ,[], neutral
826890885845700609,doman scal punt bellissima-fiorissima ,['__EMOT_POS'], positive
826898345348255744,marzian pubblic bell ,[], positive
826912613892288515,sent sogn ritorn ,[], positive
826914162924216322,bell pubblic padr pii d'or canterin ,[], positive
826914990640738306,paol bonolis replic camb canal delus aspett ,[], neutral
826917056260034560,l'esenzial marc mengon parol noem l'infern emma ,[], neutral
826940616630214658,"pass frett va,no alziam volum cuore,regol ",[], positive
826958844165242883,sent pensier ,[], positive
827026748084723713,rai deb canon ,[], negative
827043958589181953,buondayy friulana ved sanremo ,['__EMOT_POS'], positive
827050052422074368,anestet d'effett ,[], negative
827057142393872384,sper pass frett prossim settiman cosicc fin rott cazz aberr spot ,[], negative
827060925098229760,mengon omagg tenc second fin tiz ferr business ,[], positive
827065238465966080,ved palc ,['__EMOT_POS'], positive
827067295159697409,mer centimetr palc mer sucess avra avra cred ,['__EMOT_POS'], positive
827072223211040768,terribil ,['__EMOT_POS'], negative
827084044198301696,buongiorno ,['__EMOT_POS'], positive
827086461807820800,anton ,['__EMOT_POS'], positive
827101121462288384,aspett abbin dedic eccol meravigl ,['__EMOT_POS'], positive
827106632987443201,cool wallpaper cellul ,['__EMOT_POS'], neutral
827107532061671424,pers l'interv elod eccol ,[], neutral
827108554427428864,sanrem lungom sanrem ,[], negative
827118257178046464,salvin carl cont cachet vergogn l'ha negr ,[], negative
827123376519004161,fisc orecc ,[], negative
827124259726249984,famigl anan prom gestant arriv l'ostetrica.quel legam strett ,[], negative
827124781627670528,andat prov neslimusic alice_pab guard l'interv complet ,[], negative
827133073485602816,ricord doman sapr tracklist ufficial album gioi nell'ar ,['__EMOT_POS'], negative
827140645391319041,buon notiz iniz appen iniz smett ved spot ,[], negative
827144325314273280,iniz post interv ,[], negative
827145100807516160,sar stupid testard illus fragil onest ,['__EMOT_POS'], positive
828637191685410817,star edizion ,[], positive
828637359252058114,seguim segu doman avra iniz ,[], neutral
828638047495397378,beib aai don nid doll bills fan toniit giur sanrem n'attim ,[], neutral
828638584127225856,vabb augur gret menc capac competent giudic criter bell figur ,[], negative
828645972695724039,programm cantant ospit ,[], neutral
828645985454800897,fot vide interv ,[], neutral
828646096771612672,cazz cont invit tott ide statal rub stipend vergognat ,[], negative
828646228393095168,post dirett ospit ,[], neutral
828646308172935169,ved l'or ascolt canzon fiorell mannoi amo donn artist straordinar ,[], positive
828646343199571969,cerc original ,['__EMOT_NEG'], negative
828646566139482113,ligur manc ,['__EMOT_POS'], positive
828646736734384128,settiman sanremes ,['__EMOT_POS'], positive
828647112539791364,furbett cartellin arriv furbett clik ,[], negative
828647699138375680,twitter vend hashtag sanrem ,[], neutral
828647739131043840,divert cub bran riusc star ferm div garant ,[], neutral
828647882966388738,dir gret menc espert music bepp vessicc morir ,[], negative
828647910204121088,prov scimmion ballerin ,[], neutral
828648403080982528,gret menc giur espert music ,[], negative
828648568999272449,aspettat scal tuff dirett palc ,[], neutral
828648746565136384,ved moroder gret menc allib ,[], negative
828648810943565828,sorpres prov big gabban ball sort king kong occidentali's karm tormenton ,[], negative
828649102753820676,photocall self vide ,[], neutral
828649248984010752,sap gret menc giur ,[], negative
828649283306012672,prend doman second edizion sanremosol l'import ,[], neutral
828649354453975041,l'umilt ermal met ,[] ,neutral
828649583135879170,cominc mang ,[], neutral
828649617927573504,robin schulz palc dell'ariston singl featuring david guett shed light ,[], neutral
828649658155204608,fot vide interv ,[],neutral
828650373137178625,gret menc pesc d'april febbrai ver ,[], negative
828650488790937601,canzon festival lifeg rad ,['__EMOT_NEUT'], neutral
828650550677876736,stup mar ,['__EMOT_POS'], positive
828651052245344256,doman sab ser pront ,[], positive
828651185406083073,conduttor direttor artist carcont qui ,['__EMOT_POS'], positive
828651220386639876,gret menc giudic salvin all'accoglit migrant ,[], negative
828651609525727232,c'ho l'ansiaanon aspett dall'ultim concert ,['__EMOT_POS'], positive
828651980667158529,fatt bell ,[] ,positive
828652050867224577,spacc lodo ,['__EMOT_NEUT'] ,positive
828652254588710917,gran form marc pront conquist l'ariston ,[], positive
828652315875954689,indovin estratt assol sal stamp andar ^ser festival andra ,[], neutral
828652720068366341,aspett aspett gret menc giudic veng pres random ,[], negative
828653184398852098,gret menc giur espert ,[], negative
828653233660973056,gret menc giur qual ,[], negative
828653307031846913,confert stamp nom nov programm ,[], neutral
828653325327413249,viagg tramont meravigl ,[], positive
828653408324300800,reservescrims claudiaguast guastifrancesc vitaindirett raiun sanremora ,[], neutral
828653629183840257,gret menc far giur espert ,['__EMOT_POS'], negative
828654015596617729,scherz degener ,[], negative
828654363048546304,manc all'appunt music italian aspett ,[], neutral
828654515071119360,meravigl ,[], positive
828654565419515905,sent l'ar marian ,['__EMOT_POS'], positive
828654707614834688,vist cors august mombell ,[], neutral
828655026126065664,gret menc entrat far giur espert criter raccomand ,[], negative
828655293584330753,spieg cos' simbol ross dell'hashtag ,[], neutral
828655338278764546,aspett sanrem ,['__EMOT_POS'], positive
828655609574744065,spieg san rem vinc miglior mett giur inespert gret menc ,['__EMOT_POS'], negative
828655726075731969,gig unic felic aspett ,[], positive
828655798897221632,segu gret menc giudic noo ,[], negative
828655881365643264,music ospit divert all' febbrai ,[], neutral
828656071480836099,accorg l'et avanz conosc cazz ,[], negative
828656172534288384,gret menc far giur espert ,[], negative
828656452051025920,gret menc barbar d'urs giornal ital ,[], negative
828656531042340864,ugo mascott ,[], positive
828656601020170240,filipp frastorn sent belen apre ,[],neutral
828656978876518400,luned piov doman iniz sar becc ,[], neutral
828657029694812160,scopr giudic gret ,[], negative
828657165284024321,mar coccodrill c'e clip anteprim ,[], neutral
828657375469064192,inizier doman present ,[], neutral
828657474274258944,aspett keanu reeves ,[], positive
828657545170518016,bocc lup much mierda nuov avventur ,['__EMOT_POS'], positive
828657602733146112,bocc lup much mierda nuov avventur ,['__EMOT_POS'], positive
828657764801064961,canzon assoc festival sanrem l'uom volant ,['__EMOT_POS'], positive
828657797004984320,insult gret menc ved criter esperit mess espert ,[], negative
828658155693473793,"much mierdaa,s orgogl ",['__EMOT_POS'], positive
828658902405312514,ved hom infuoc gret menc giur fondamental gret menc ,[], negative
828658940351221760,gret menc giur espert ,[], negative
828659294400770048,cia cia bambin doman ,[], positive
828659332082434049,sent degrad diffond nell'ar gret menc ,[], negative
828659532289232897,festival iniz riesc star interv ,[], neutral
828659898925846529,gret menc giur espert illuminatem preg l'ho ,[], negative
828660030857736198,gret menc giur espert espert music ,[] ,negative
828660092002246657,stup rikk marcuxx vad livell propost gret menc giur ,[] ,negative
828660179751297025,c'e link ascolt comment qualsias tip accett ,[], neutral
828660324857499649,somm regg dramm colleg trasmission improb opinion ,[], positive
828660379312078849,gret menc giur ,[] ,negative
828660506026196992,menc giudic espert ,[], negative
828661109687205889,alelavital mar coccodrill sanremora c'e braschiofficial ,[], neutral
828661656364400641,gret menc peggio..po dimagr ,[] ,negative
828661688077582337,repubblicait alelavital vent min cag zer ,[], negative
828661825818484736,,[] ,neutral
828662011592634370,mar coccodrill acquerell fotogramm disc onest ,[], neutral
828662042777251840,giur espert sanrem chiam espert ,[], negative
828662187191365633,sent aspetter spettacol livell alto occhi punt v.tant vinc f.le ,[],positive
828662562841587714,quint palc fot esclus ,[],neutral
828662751283257344,agenzia_ans quint palc fot esclus ,[], neutral
828662903318380544,filipp bassott vien immortal bisogn figuriamoc c'e spaz clementin ,[], neutral
828663032335175680,com' star palc sanrem ,['__EMOT_POS'], neutral
828663179005792257,gret menc giur espert qnd dic cap cucin mett formag ,[] ,negative
828663218436452353,ballaton soul impatt vocal ,[], positive
828663319456256000,esempl castor ,['__EMOT_POS'], positive
828663369016233984,applaud ,[], positive
828663428709482496,ved l'or ascolt mercoled ,['__EMOT_POS'], positive
828663662881693699,"carr camp tenc a""l trattor tangenzial rovazz sic transit glor mund ",[], negative
828663849742131200,rott cominc ,[],negative
828664209894416384,,[], neutral
828664570336202752,datem turc piazz ,[], negative
828664603290828802,temp martin cap cominc vinc valer scanu ,[], negative
828664707200454656,gret menc talment raccomand fin pales c'entr cazz ,[] ,negative
828664780189745154,boh gret menc giur espert poss tranquill andar ball scal mil ,[] ,negative
828664892152508422,guard ,[],negative
828665167349182465,torn vedrem second ser mercoled ,['__EMOT_POS'], positive
828665585873588225,sanrem official ,[], neutral
828665618895364096,pod mannoia-sergione-gig prem critic ermal met ,[], positive
828665818019885057,rifer idolatr piac ,[], neutral
828665872214548484,chiss trash assurd vincer quest'ann ,[], negative
828666168328220673,vincer ,[], neutral
828666554422280193,pischell ,[], positive
828667005343584256,cazz menc music ahahahah ovvi guarder sanrem quest'ann perd lol ,[], negative
828667493988368386,sanrem tirator scelt giur qual ,[], negative
828668186639888384,bandier rivol sangu orecc ,[], negative
828668276075020288,vien tentazion condurr sed gradin sai l'abitudin ,[], negative
828668584779988992,inciamp risc cad scal ,[], neutral
828668637485596672,menc giudic andiam protest scus dov ,[], negative
828668738056683520,chied l'ital funzion ,[], negative
828668766640816129,gret menc sol gif marin sanrem festival ,[] ,negative
828669242589454336,c'e gret menc c'e vessicc may intend ,[] ,negative
828669267700805634,allarm bomb palafior dit attent giornal famos all'ariston ,[], neutral
828669483925516292,viv sanrem red ronn ,[], positive
828669536211697664,giur espert prem oscar dall'altr soffocon cul ,[], negative
828670282550370304,bocc lup much mierda nuov avventur ,['__EMOT_POS'], positive
828670308374683650,bocc lup much mierda nuov avventur ,['__EMOT_POS'], positive
828670893014532096,schif prov ,[], negative
828671054801489920,lel mett poc ansi ,['__EMOT_POS'], positive
828671362017394688,"ved l'or doman ved cantare.s fier vada,t sosterr ",['__EMOT_POS'], positive
828671850683183107,gret menc giur espert poss partecip concorrent vinc ,['__EMOT_POS'] ,negative
828672112227471364,giudic stor ordinar foll ,[], negative
828672187187990533,rag sapp cast aggiunt rovazz vol ,['__EMOT_POS'], negative
828672368407171073,fiorell mannoi torn abit indosser palc ,[], neutral
828672601425846272,,[], neutral
828672682048835584,pens dovrest dar possibil ritrov giur qual ,[], negative
828673248934100992,gret menc qual ricord cover cheap thrills brivid sudor fredd ,[] ,negative
828673314574987264,presenz gret menc seppur insignific un'oltragg buon sens festival ,[] ,negative
828673352785092610,doman boom registr ,[], neutral
828673835201355776,giur ,['__EMOT_POS'], negative
828674475428347906,pens playlist ,[], neutral
828674521678880770,gret menc giur qual doman dell'ital ,[] ,negative
828674794933645314,rott pall ,[], negative
828675055659933697,staser c'e orma pensier ,[], positive
828675414264541184,gret menc dimostr c'e speranz capac ,[] ,negative
828675474612166656,sanrem festival event mostr tant music ,[], positive
828675693080887296,doman iniz tim tim twitter ,['__EMOT_POS'], positive
828676158724120586,ritorn festival sanrem ,[], neutral
828676232992739328,signor quest'ann vallett ,[], positive
828676315410739205,fin gret menc sanrem ,[] ,negative
828676407958048769,cos' rob vogl cred ,[], negative
828676491802198016,,[], neutral
828676630226812928,fortun settiman avra fin romp cosiddett ,[], negative
828676972091994118,pront tif ,['__EMOT_POS'], positive
828677023182749696,bocc lup talentu ,['__EMOT_POS'], positive
828677535324061697,red carpet punt serg sylvestr alto entra truck rad ,[], neutral
828678018554089472,"chiaro,ad ser vogl sal sak ",[], neutral
828678173843918848,uscit fot red carpet curiosa ,['__EMOT_POS'], positive
828678523720187909,gret menc giur espert sanrem ,[] ,negative
828678567659724801,rend cont ,[], positive
828678735297642498,raccom ditem gret menc cul entrar spettacol ,[] ,negative
828678883385950209,ascolt canzon entra test esce sapevatel ,[], positive
828679086037942272,risalt ancor ,['__EMOT_POS'], positive
828679320168173569,guard sanrem menc ,[], negative
828679358915166209,schif schif schif ,[], negative
828679396944904193,vol smett accus gret chiam giur dov declin ,[] ,negative
828679564859736064,"hashtag divent genitor next week,hann ",[], neutral
828679662758932481,doman videocopertin crozz giornal accredit settimanal cines ,[], neutral
828679731272884224,tesorin fatt val spacc cul palc ,['__EMOT_POS'], positive
828679817457446913,gret menc ,[] ,negative
828680153660289029,legg ovunqu numer tropp ospit presenz ,[], negative
828680679600840704,bell legg comment stamp c'e un'opinion buon dirett puntual stroncatur popol ,[], negative
828680971344019458,torn far ,[], neutral
828681632890621952,min vinc man bass partecip ospit torn davver ,[], positive
828681925963476992,siccom cors settiman ciclism bocc lup ,[], positive
828682068137754624,seguir reportag freg cao ,[], negative
828682127365591041,avvis tutta:d doman twitter scriver nuov propost membr giur prem enzo jannacc ,[], neutral
828682173389688834,pazz ,[], positive
828682539313291265,gret menc far giur espert ,[] , negative
828682800555503617,bravissim innovativissim acquist l'hashtag spettacol ,[], positive
828683292249616389,stra agit doman emozion ved sal palc neanc dovess cant aiut ,[], positive
828683430317719557,lod tess ser ,['__EMOT_POS'], positive
828683465822466048,espert musical trump president americ manc cipollar ministre complet team insomm ,[], negative
828683517181755392,gran final countdown final ,[], positive
828683654192824320,gret menc giudic l'ital med ,[] ,negative
828684150693564416,fortun c'e cor ,[], positive
828684256801079300,gret menc cant gioi ugual ,[] ,negative
828684454185095168,larg giovan conosc pregiudiz condann scelt giur ,[], negative
828684902279299074,bellezz ,[], positive
828685017257799681,artist verrann giudic popol ital ,[], negative
828685314931716098,canzon piac ,[], positive
828685364009238529,giudic sanrem ved malgiogl giudic concors miss magliett bagn ,[], negative
828685871998173184,amor ,[], positive
828686226555338752,canzon piac ,[], positive
828686869990952962,canzon piac ,[], positive
828686985246154757,divert god quest'esperit massim viv emozion spacc sai ,['__EMOT_NEUT'], positive
828687412436017152,stor clementin elod ,['__EMOT_POS'], positive
828687767999754243,trasform carl cont portac far cap comand ,[],neutral
828687802271424512,canzon piac ,[], positive
828688014868111360,prontissim ,['__EMOT_POS'], positive
828688105049817089,poliziott sergent mor comell ,['__EMOT_POS'],positive
829064770129117184,vabb fic ,[],positive
829061433501560833,tiz ferr apre splendid iniz ricord carlett gioc l'ass ,[],positive
828478563036889088,stamattin sembr zomb arriv viv settiman ,[],negative
829059520395673600,ricord vessicc l'avre mess ,[],negative
829061701035229185,iniz tiz ferr ,['__EMOT_POS'],positive
829066226068500480,mar scalin insepar ,[],neutral
829055481205424129,staser scegl serv arriv programm qual ,[],positive
828985113392316417,festival ,[],positive
828274755396653057,ver sanrem ,[],neutral
829057717839003648,"parole"",m minim manca""per vita""tr canzon famos sanrem ",['__EMOT_POS'],negative
829058626459467777,manc michel segu ,[],positive
829066411515531264,scalin protes natural ,[],neutral
829063389548859392,giusy ferrer cass min raccogl ,[],neutral
829061936696393730,tiz l'omagg tenc ,[],positive
829063950104944641,rag aless michel aiut amor ,[],positive
826408270688550917,ador elod mannoi test bell ved l'or sent ,[],positive
829057409746350080,ved troion biond mett gif lanc telef ,['__EMOT_POS'],negative
828891462993575936,mattin febbr ser disgraz veng sol ,['__EMOT_NEG'],negative
829066452347056128,tem averl sent tip ,[],neutral
826482941169635333,campion aless bernabe ,['__EMOT_POS'],positive
829061538900279299,tiz ferr ,[],neutral
827552377175678976,bell lodov ,[],positive
828989323928297472,serv rappresent giovani. pot felic test alta regin ,[],positive
826150433756430337,vogl festival ,[],neutral
829066354623918080,vabb raul esci zitt ,[],negative
829065822874247168,uomin donn ,[],neutral
828970449258295300,dunque..non piac guarder curios ,[],negative
829065786316697601,mar sied scal sanremo mar amo ,[],positive
829063075579961345,comand ,[],positive
829059079603621890,piccol michel cazz bimb ,[],positive
829061500480413702,repubblicait blog ernieass ginocastald ricev volentier pubblic william ,[],neutral
829053201341116418,abol doman ver ,[],negative
829063001407893505,gioi viv filipp cap trov c'e post ,[],negative
829057312677560320,congratul vinc canzon stor music ita ,[],negative
829064767440564224,trucc ,[],negative
828586567564460032,"ved mar stupira,m continu ved gradin spieg canzon ",[],negative
829037607921340420,manc un'or un'or un'or un'or ,[],positive
829065744986025984,vogl ,['__EMOT_POS'],neutral
827179269008801792,esce fot iniz scler ,['__EMOT_POS'],positive
828578833775415297,rugg doman guard sanrem ,['__EMOT_POS'],positive
829063937433931777,c'e mar filipp sent ,['__EMOT_POS'],positive
829061387028688896,eccol ,[],positive
828592898845335553,ser comment l'ann ,[],positive
829052826827513856,buon ,[],positive
829017743454269442,bocc lup staser lod far tif stad ,['__EMOT_POS'],positive
829065841845092355,dov' bust ,[],neutral
829064289143160832,carl cont vest color carl cont ,[],neutral
828198070668128256,ansi sanremes ,[],positive
827295613121335296,mar port louboutin ,[],neutral
829066502334734337,roul bov gioi ,[],positive
828537923914067968,iniz settiman sant ,[],neutral
829066304732659712,canzon mor davver bell ,[],positive
828908004925927425,sapp fier qualsias risult vincitr ,['__EMOT_POS'],positive
829065526227922944,vorre effett ,[],positive
829063728574369792,obam eccol condurr festival sanrem ,[],neutral
829064469355622406,queen mary emozionatissim ,[],positive
829062143806955522,vinc tiz ,[],positive
829065791463100416,mar gradin ,[],positive
828194040281755648,viagg l'adrenalin sal ale ,['__EMOT_POS'],positive
829066005406167045,scopp l'internet mar sed gradin ,[],neutral
829066576548728832,bell sipariett facciamol dur ,[],negative
829065846165221377,fabriz mor ver ,[],positive
829060013666734089,conosc penn prefer ,[],positive
828719484940775424,gli vol ,[],positive
829056793741500417,grandezz music italian sanrem sap prem ,[],negative
829066469539475457,cont vallett filipp ,[],neutral
828691057726615552,iniz sogno..del sogn ,['__EMOT_POS'],positive
829066842945814528,cul raul bov manuel arcur maschil ,[],negative
829067142968532992,mar sed scal natural regin ,[],positive
828626291083636736,vogl parl menc sanrem giudic espert cad bass ,[],negative
829058149399281665,parrucchin comp ,[],negative
828514656947945472,cap football americ riman svegl mattin ,[],neutral
829063100246720514,queen mary guard festival sanrem ,['__EMOT_POS'],positive
829064417203597312,brivid ,[],positive
829054394553495552,,['__EMOT_POS'],positive
829054702797062144,torn ved programm king mar costanz ochei respir g.luc ,['__EMOT_POS'],positive
829057680866156549,montagg evinc miglior brutt l'et vinc prem ,[],positive
827640808400646144,stup segu settiman tif gig ,[],positive
829065938737692673,pier angel padr somm albert angel ,['__EMOT_POS'],positive
828627292096229376,president repubbl giur espert ,[],positive
828754086069694464,l'ans cia ,[],positive
829066358117761030,petal car accadem crusc nuov parol dizionar ital ormon ,['__EMOT_POS'],positive
829064076596801537,robert ross prov pens ross fall miser ,[],negative
829067249944244225,bella ,[],positive
829019102001893376,raccom spacc staser ,[],positive
829066021294239746,"queen queen.. sanrem vuol sed gradini,s sied gradin ",['__EMOT_POS'],neutral
829064692635140096,cant ,['__EMOT_POS'],negative
829062546393006082,tiz patrimon dell'uman ,[],positive
829065889123282944,ved vorre rovin carrier amo ,[],positive
829035526959280128,interv meravigl vittor ,[],positive
829057941630234624,ron ,[],positive
828571553814044673,news confert stamp marted mercoled garegger big ser ,[],neutral
829062386724270080,twitt cag pazzesc ripens pent tard orma twitt stata..fatt ,[],negative
829059316959346688,bambin stud divent clementin cit ,[],negative
829059836138618884,madr telefon dirm scus michel zarrill pret tip parroc campagn ,[],negative
829061392539987969,son strapp pel scus ,[],negative
829063070190276608,mar port ros uomin donn carl cont far cap comand ,['__EMOT_POS'],positive
828982609057349633,guard palc manc tantissim ,['__EMOT_POS'],positive
829064480537583617,canzon piattissim ,[],negative
829056345760468993,felic scriv evvaai ,[],positive
829055359264366592,conosc ,[],positive
828492027356643328,stanott dorm tropp ansi ,[],positive
828931398937542657,arriv savin gialappa's russ masazz ballerin ,[],neutral
827605811732025344,valentin insomm ,['__EMOT_POS'],positive
829066232733323269,stor fatt assist memor ,[],positive
828567402917031936,doman doman ,['__EMOT_POS'],positive
829063434960502784,gol ,[],negative
829051295621316609,coragg vogl mar ,[],neutral
829065456820576257,fabriz moro ,[],positive
829031132255703043,cortellesi-albanes festival cant vide ,[],neutral
829061240932663296,zitt cant d'ital ,[],positive
828713747208364032,passer settiman parlando/vedendo/ascoltando/scriv elod potr odi fotteseg ,[],positive
828380117391069188,eccole ,['__EMOT_POS'],positive
829066384420241408,scritt schif napolit polit l'esser uman ,[],negative
828972726429835264,mal gol cant staser ston ,['__EMOT_POS'],neutral
828927051965071360,lady gag sior sior anna oxa ,[],negative
829063175765114880,satir polit trump queen mut ,[],positive
828838167625203713,ufficial arriv febbrai ripijamoc ,[],neutral
829065626199158785,prim min offert togl simbol dall'hashtag ,[],negative
829059774683701256,prelimin canagl ,[],neutral
828597247680081921,doman degser palc dell'ariston ,[],neutral
829052199514804225,beh raccont ser ser facet ,[],neutral
829065008571174913,fabriz portam ,['__EMOT_POS'],positive
828981882712969216,sull'orl cris piant piccola spacc staser ,['__EMOT_POS'],positive
829064582438203394,categor ggiovan cit ,[],neutral
829064645671583745,"alternano,lod present mar carl cont ",['__EMOT_POS'],neutral
827856553961205760,emozion ved manc ,['__EMOT_POS'],positive
829064826127282177,comment tecnic fabriz mor ,[],neutral
829065712492740608,vien carl vien cap comand ,[],neutral
829061137530572801,iniz quart d'or ,[],negative
829060344362500103,smett pubblic introdu iniz cant ,[],negative
828560162554249216,doman ser inizier ufficial godiamoc luned qui tempest festivalier ,[],negative
829058249987125248,atze percul sol volo ,[],neutral
828976067528515585,festival emozion doman ,['__EMOT_POS'],positive
829062746243219458,eccol ragazz the queen ,['__EMOT_POS'],positive
828636621226508288,gret menc giur espert ditem scherz pessim gust preg ,[],negative
829065112610885632,mor piang ,[],positive
829062390566236162,televisor arancion ,[],neutral
828893133232566272,fior blooveryflowers ,[],neutral
828615007382409217,dark pol gang giur espert ,[],negative
829066729527635968,dichiar vincitor fabriz mor inimit aspett canzon rival poet ,['__EMOT_POS'],positive
829066033080233986,oddi prossim elod oddi ansi oddi sent ,[],negative
829064958021337088,bell parol canzon mamm ,[],positive
829065302323372034,mor ,[],positive
828630705513103363,dimm gret esperit musical fatt fedez ,[],negative
829067483000737794,talment portam colp affligg ,[],negative
829063485350932480,sent parol dirig l'orchestr maestr sent vessicc cuor ,[],neutral
829059666558595072,aspett giur ,[],positive
829063807548981250,c'e bisogn vallett velin letterin mar ,[],positive
829061375238471680,festival gay ,['__EMOT_POS'],neutral
828724302476369920,giur tip parmig past tonn ,[],negative
829064212769038337,apre omagg luig mort l'ital celebr emess ,[],neutral
829055869497262084,scommett l'ide far ved vincitor un'ide mar perdent poss farcel ,[],negative
829057181739843587,c'er giur far vinc partir beethoven period sord ,[],negative
829065059510910976,emozion ,[],positive
828619464090476544,look top flop stor sanrem farfallin ,[],neutral
829061749366194177,tiz emozion amor ,[],positive
829059726512119809,pepp ferrer vuol ,[],positive
829050747715276804,emozionatissim figl ,[],positive
829055553410306048,twitter copert cald dire pront ,['__EMOT_POS'],positive
829063932266569729,bell staser pezz orecc ascolt ,[],positive
829062992574705665,mar wow ,[],positive
829060446221168642,rend vecc big sembr giovan riconosc ,[],neutral
829054854454710273,ador riassunton mill ,[],negative
829062816812433411,cia mar amo ,[],positive
826183091676917760,vorre sent soluzion ,[],positive
826469040164057089,cap felic vien dat prest ,[],neutral
829064472270610432,vad succed sanrem sembr stran contrar ,[],negative
829063255578521601,puo ber scaric port second chiamin entrar ,[],negative
829062297343631361,chiud tutto..h vint ,[],negative
829055410392924160,pret vend sanrem ,[],neutral
829059802089275393,amo sanrem ,[],positive
829065926708436993,bravissim ,[],positive
829065017123303426,fabriz mor bell c'e aggiung ,[],positive
829066589530095619,super definizion six pack ,[],positive
829064490591326208,fabriz mor amor punt ,[],positive
829048886098591746,sanrem sanrem l'ital cant ,[],positive
829013235982594048,eccoc poch dall'iniz festival sosten appogg vol ,[],positive
829060168109457408,barry whit ,[],neutral
829061057004109824,evva ,[],positive
828692861617057792,emergt urlar tiina tiina tina noo ,[],neutral
829064352321896449,music piac cap neanc parol ferrer riascolt assolut ,['__EMOT_POS'],neutral
829065083099701248,gnocc capell capell ,['__EMOT_POS'],positive
829061018626228226,son iniz ufficil deg edizion festival sanrem bellissim edizion bocc lup ,[],positive
829055992994332674,italian med ,[],neutral
829065652539383808,mor port volentier ,[],positive
829056428849651712,ferm pront ,[],neutral
829057533029519361,pochissim degn not ved ,[],negative
829063281742602240,mar parl polit ador ,[],neutral
829056175866015745,convint carrell natal pass ,[],negative
827964490402652160,ansi pubblic countdown ,[],negative
829065018348036097,second canzon indecis nuov melod mor depression piang ,[],negative
829057049854148608,iniz medley fin ,[],negative
828945628944330752,riesc star tut ste dirette/interviste ,[],neutral
829065714879315968,queen cazz queen ,[],positive
829065769841467392,scalin mar rai mut ,[],negative
829067167207407617,camb canal ,[],negative
828603091905806336,menc giur ,[],negative
828588940156424192,confert stamp dirett liv ,[],neutral
828697218282618881,legg critic popul compens cost ,[],negative
829059439445557249,eccett pai big includ nuov propost ,[],negative
829066313226133505,,[],positive
826749929594974209,scegl strad divers ricord l'amor violenz ricord disobbed ,[],positive
829065024815693826,bravur mor bell ,[],positive
828583413003218944,bell raccomand riusc far talent inesistent cap ,[],negative
829067251831697408,elod colp sanrem roman prodott dall'ex eurovision emma ,[],neutral
829067202552856576,cazz ,[],negative
829061309626978306,tiz cant tenc volissim ,[],positive
829058838712184832,gret menc giudic espert l'accett ,[],negative
828575323671388160,cant sanrem cortelles albanes morales leott cestist marc cusin pallavol valentin diouf ,[],negative
829059186113835010,napol rimast ,[],negative
826216185834385409,vorre sent soluzion ,['__EMOT_POS'],positive
829065775772266499,mutand mar ,[],negative
829064069827158016,mar filipp present legg temperatur minim massim ,[],negative
827644583781814272,test bran ,[],neutral
829061685218574336,tiz averc appen don cover bell innamor ,[],positive
829066470827098113,paus pubblic rend cont log dell'amburg spos grafic ,[],neutral
829061649101365248,meravigl meravigl ,[],positive
829048128720478212,pell aiut aiut aiut ,[],positive
829058743555985408,michel brav idol ,[],positive
829065327438864385,iniz ,[],negative
828643409262952448,sanrem pront consigl segu twitter rac ,[],neutral
829064220339761152,sent paper cant ferrer vot ,[],negative
829065612370509824,fabr ,[],positive
829066840877961216,fabriz mor romanesc fabriz muoi ,[],neutral
829065186980032516,voc piac ,['__EMOT_NEG'],negative
829059813925588992,bellissim iniz sanrem ,[],positive
829059057025691648,grand aspett fabriz mor samuel bocc fiduc bianc azte alban ,[],neutral
829066573176508417,accopp elli goulding bov ,[],neutral
829063239912808449,valent stra bon managg ,[],positive
829065511493390336,vest giusy offert lidl ,[],negative
829063648773603328,cominc tapp orecc ,[],negative
829065090666201089,dar giudiz razional cant ,[],positive
828856076762234880,buongiorn ,['__EMOT_POS'],neutral
828896197205164032,emoz pubblic gar quest'edizion ,[],positive
828860016497131521,l'ans scus fatem arriv settiman evit l'autocombustion rag uccid ,[],negative
829062371901587458,dover prezios omagg luig tenc partenz indimentic ,[],positive
828927588349390848,parol not violoncell dell'art enric benett ,[],positive
829066615354441729,queen pres com ,[],neutral
829061504523763714,bell cover cant rediv massim ranier ,[],positive
829066228023042050,mar scal cul ricord ,[],negative
829058730826268672,bell sol ,[],positive
829062841579745280,,[],positive
829067456668917761,mor stamp loop amor portam gnafacc ,[],neutral
829063387321683968,talment male..il look ,[],negative
828644088320761856,x:in espert menchi: prend cul news giudic categor espert ,[],negative
828553643938947072,bepp vessicc alert rad dee jay rag ,[],neutral
829062875759116288,bell mar mar sant mar ,[],negative
829066204824367104,mar scalin lanc film carl mut ,[],negative
829064992699904000,parl puo sorrid ,[],neutral
828999609229918209,star ballerin danz mal schien sanremora ,[],neutral
829065165576486913,,[],neutral
829063476609945600,canzon pens capitol appen conclus ,[],negative
829066826151817222,arriv six-pack regalam birr ,[],negative
828303168064872448,voless parol brandizz tim ,[],neutral
828498463025414145,confert stamp preparer ,['__EMOT_NEUT'],neutral
828895657486336000,aspett sanrem staser ,[],positive
829062918134231040,mar l'eleg ,[],positive
829063158094499847,queen mary mand ,[],positive
828827221485879296,esib ser ,[],positive
828986593713221633,aspett samuel ,['__EMOT_POS'],positive
827324190596403203,vogl festival ,['__EMOT_POS'],positive
829065903606263809,fil gentil preg restitu laring appen sput fabriz mor ,[],negative
828571384347500544,pensier scuol ,['__EMOT_POS'],positive
829066242422091777,mar lanc rvm ,[],positive
828716621237743621,pasquarell l'ital chiam doman scugnizz cant ,['__EMOT_POS'],positive
829057473101312000,scus salt sbagl ,[],negative
828957512409948160,l'edizion porter scen sostenibil l'interess l'ambient ,[],positive
829066025455013889,italian popol sant navig critic musical ,[],negative
828546188546826240,res cont settiman mar blesser ser ,[],negative
829055780783529985,car ricord cantant particol luc ,[],positive
826471024023715840,staser settiman prossim mar ,[],neutral
829065732998758401,mar entrar tron ,[],negative
829063953766608901,canzon bocc ,[],negative
826551550617198594,ascolt bellissim test ,[],positive
829058720449589252,zarrill cant ros blu ,[],neutral
829064873891999745,realt fabriz mor nat biond coerenz decis ting ,[],negative
829061882438877185,tiz ferr spettacol ,['__EMOT_POS'],positive
828903138887360513,elettor staser boicott tropp gay previst spettator carl cont trem ,[],negative
829065085716930562,,['__EMOT_POS'],positive
829061708522070016,"guard vecc sai music italiana,or permett mel cott mang ",[],negative
826376996213104640,vuo trov cercam nell'imprevist ,['__EMOT_POS'],positive
829036958982762496,chiss staser iniz iniz segu ,['__EMOT_POS'],positive
829064150793977857,esist ,[],positive
829061798187896832,emozion sacc ,[],positive
829062452021182466,carl poch chiacc escic queen mary ,[],positive
829065140083490817,urlat immanc ,[],neutral
829061346641772545,fott canzon backstag aspett mar ammettetel ,[],neutral
829064194146316288,l'umilt mar ,['__EMOT_POS'],positive
829061969965637632,fig wow ,[],positive
829061245428981760,eccol tiz ferr ,['__EMOT_POS'],positive
828517185714843648,spacc fagl ved trem palc dell'ariston ,['__EMOT_POS'],positive
829067020029292544,ver giur qual ,['__EMOT_POS'],neutral
829055444006100992,diam ,[],negative
828621977401294848,gas mamm mii ,[],positive
829056070542848000,vasc ross pescar ,[],neutral
829058152586948612,ammett sapp sianoh ,[],negative
828977140196577280,vogl ,[],positive
829064105776574464,vogl michel brav ,[],neutral
828548010682544128,dat dat definit presenz sit dic ,['__EMOT_POS'],neutral
829061364303986688,div ,[],positive
829061095646175233,mort ,[],negative
826408623932837888,vorre occhi guard ,[],positive
829009680030646272,staser vot vot ,['__EMOT_NEUT'],neutral
829066599827140612,pass raoul bov ,[],positive
829057537068638208,sanremonews: present festival scelt vincitore.potrebb necessar votazion real ,[],neutral
829058776158371840,mix esplos chicazzo cant ,[],negative
829065986330546177,mostr mutand cit stil ,[],positive
829065621077889024,fabriz mor ,[],negative
829063599557636097,giusy cant tiz torn supermerc ,[],neutral
828723751252525056,gret menc ,[],negative
829060799427641345,recit mastronard c'e merit davver ,[],negative
829065246782476288,special ,[],neutral
829062366079901697,iniz sanrem ,[],positive
829065849596162050,amo festival conosc canzon beh hahhah ,[],positive
829056973987528708,nonn ved tot cutugn esclam dialett abruzzes mort doman vad scommett ,[],neutral
828959545946939396,bocc lup spacc l'ariston aspett ,[],positive
829062256457633796,omagg luig tenc dover ,[],positive
829064149820960769,tiz apre festival vol ,[],positive
829054514816770051,iniz ,[],neutral
829058601289400329,bellissim sposam ,[],positive
829064405358874625,rag disag ,[],negative
829064851427295234,hobby prefer fabriz mor ,[],neutral
829065492140871680,bell voc fabriz mor ,[],positive
829052050168242176,"amor siamo,non nascond vall lacrim bocc lup ",['__EMOT_POS'],positive
829067423903055873,canzon mor piac ,[],positive
829066201020121088,batt pacc mediaset mood ,[],neutral
829059560296083457,pront ,[],negative
827864008736731136,mar sexy spot immagin palc ,[],positive
828569361627676672,televot abbass cent ,[],neutral
829053721938100225,pront pront ,['__EMOT_POS'],positive
829064608090583040,pens davver bell ,[],positive
829062909632376835,orgogl ved queen mar entrar ,[],positive
828987490950381568,augur ,['__EMOT_POS'],positive
829066287926145026,esempl ustion ,[],negative
829062774009511937,eccol queen ,['__EMOT_POS'],positive
828565052970106880,doman dov farv arriv prepar guid kermess ,[],neutral
829047950118645761,quot vincitor ,[],neutral
829063846224617473,compl canzon merd giusy sper moolt ,[],negative
829027337907888128,gener influencer avvicin giovan giudic espert par esager ,[],negative
829063438072680450,filipp iron sull'abbronzatur cont chiusur front stranier trump ,[],neutral
827231842608766976,ball sanrem ,[],positive
829059854715219968,cantant fint sorpres convoc sanrem fals ipocris ,[],neutral
829066371036303360,rag scal arriv l'rwm long may she reign ,[],neutral
829065628086595585,fabriz mor prefer autor interpr ,[],negative
829056214466228225,veng twitter pens trov toptrend delusion ,[],negative
826523325631430656,manc settiman sanrem ,['__EMOT_POS'],positive
828636717943050240,sanrem parl can ador ,[],neutral
829058674081595396,feelings posit ,[],positive
829057653024256001,pag sap fars ven febbr par scus ,[],negative
829066968045068289,bell raul ,['__EMOT_POS'],neutral
829065756973350912,mar sed scal ,[],neutral
829061099274252289,iniz ,[],neutral
829058488546553857,bianc atze ,[],negative
829064528394592256,guard cag filipp prov comic ser ,[],negative
828972476436717570,l'ordin uscit invit spegn cant beatles ,[],negative
828575497944694784,,[],neutral
828983473230774272,super fier voi amo ,['__EMOT_POS'],positive
829063396771430401,mar debutt ironizz prossim scend polit ,[],neutral
829058424856014849,pens min tiz cant tenc ,[],neutral
829063009523875840,ferr prov interpret tenc l'affett maxbernardin huffpostital ,[],negative
828639926048739328,ciao bello manc ,['__EMOT_POS'],positive
829067281053413382,rag mor rid appen iniz adoro ,[],negative
828742901643476993,riesc dorm chiss ,[],neutral
829064234600427520,neanc quest'ann regg giusy polpett incastr gol ,[],negative
829063204185702407,chiud busta ,[],neutral
828883421963378688,buongiorn lodo gran ,[],positive
829056382703919105,diverso ,[],neutral
827965545546919942,spacc pazzesc ragazz ,['__EMOT_POS'],neutral
827295859691945984,star ansi ved amor amor ,[],neutral
829065679412326401,fabriz mor top ,[],neutral
829066963125141505,vam raul bov parl pacc cont martin ,[],negative
829067488595959808,microf cred dimentic ,[],negative
828693693515329536,fortun present super nov quest'ann ,[],neutral
829050298815635456,pens tenc mort almen sent ferr rovin pezz ,[],negative
829047623227162625,ragazz semplic iniz parl ,[],neutral
828576121465794562,doman guarder esclus mannoi ferrer delusion punt vist partecip quest'ann ,[],negative
829053700148715520,mollic present agus ,[],neutral
829064612364636162,bon fabriz ador ,[],positive
828937267351842816,staser tiz ,['__EMOT_POS'],positive
829061677010341891,tiziano.. brivid ,[],positive
829058177102643200,cirinn approv combatt ,[],neutral
829065991426564096,ditem raccont stor trist ,[],neutral
829063852620918784,legg televend ,[],negative
829056248771440640,pront ritm far padron ,[],negative
829059318808993794,rester ,[],positive
829060430718984192,canzon ascolt sper vinc fiduc ,[],positive
829063355885314048,madr mess traspart cosc signor azzard madr mar ,[],negative
829061440120172544,stim tiz ferr massacr tenc ,[],negative
829054282058047493,,[],positive
828984330705858561,vabb mit assol ,[],positive
827878066827325441,big ved prepar festival ,[],positive
829061227401904128,iniz omagg sfrant d'ital ,['__EMOT_POS'],positive
827841121246183424,event collateral programm ,[],negative
829056533812146176,doman playlist spotify ricaccion rimorc ,[],positive
829032158882910216,car tiz ferr pass partecip sanrem promuov spoiler l'apertur conced ,[],negative
827611359818969089,settiman prossim sar sanrem tropp ansia ,['__EMOT_POS'],positive
829065821209112576,scalin ,[],neutral
828891596716392448,ved l'or sent ved brill palc ,['__EMOT_POS'],positive
829063063986958341,bellissim mar ,[],positive
829001811210227714,raig giul nesl alic duett destin incroc ,[],positive
829062851272769536,quenn mary bened presenz ,[],positive
829043602487726080,mezz'or ,"['__EMOT_POS', '__EMOT_NEUT']",positive
829062948454821888,mar nuov sorell carl cont ,[],neutral
829066993429053440,raoul bov carrier recit ,[],negative
829057646766542848,ovvi mar mot principal interess ,[],positive
829065284199784449,fabriz mor spettacol delud ,['__EMOT_POS'],positive
829065100413763585,fabriz mor rim ipocondria/portam ,[],positive
829060795367555074,cominc min nonn chiest pipp baud surac ,[],neutral
827257639864197121,settiman corr prepar ,[],positive
829065047020277762,stran sent cantant ,[],neutral
829063939749199873,mar l'outfit sanremes fantast ,[],positive
829060196139950081,anteprim fantast canzon miglior ,['__EMOT_POS'],positive
828981398321188865,antonin muscaglion parl scenograf scenograf succed ,[],neutral
828370197589422080,ahahahahahah piccin ,['__EMOT_POS'],neutral
829056785910755329,mim ,['__EMOT_POS'],neutral
826395223169368066,attenzion ser primafestival onda part dell'inter torner doman ,[],neutral
829057763028393986,"alban dice:"" piacc emma ",[],positive
829067273063264257,neanc capac legg cazz gobb crist sant ,[],negative
829063032034754560,queen mary bellissima ,[],positive
828285798650880000,doman onda arriv ,[],positive
829054351012462592,partir sigl partir classic ital dell'ann ,[],positive
828966928781811712,chiamer grillin amor ,[],neutral
829065697028403200,guard ascolt ammir essern orgogl ,[],positive
829054210092187648,sottotitol prossim dell'istru ,[],neutral
829059697772724225,mezz screm pell l'ho fatt ,[],neutral
828371716506316802,bellissima ,[],positive
828938064370229251,aprir festival innamor luig tenc ,[],positive
829056279175913476,ban sigl vend ,[],negative
829056770874163200,almen nell'univers non squilibr ,[],negative
828589566877642753,scender scal paur cad confert stamp ,[],neutral
826566185420480512,tant cos belle carica ,[],positive
828577057517031424,scus gret menc ,[],neutral
828595769485750272,gret menc chied mor youtuber giur espert espert esatt ,[],negative
826478946296463361,sment qualsias voc ved conduzion target ,[],neutral
827515818325983237,big gar artist canzon ,[],neutral
828376644511494144,accompagn quest'esperit ,['__EMOT_POS'],positive
828641389105790976,interv dic vinc festival ,[],neutral
827468066778906624,tgmag aranc rivolu russ ,[],neutral
828585263786029058,conosc ,[],neutral
826463805915934720,"camb stelle,s prov riusc ",['__EMOT_POS'],positive
828629440070553600,sondagg guard festival sanrem ritwitt diffond ,['__EMOT_POS'],neutral
827224513263894529,spot semplic rad animal fattor alien ,[],neutral
828022354760650752,moment cap orma bachec trasfer ,[],positive
828613321758748672,extracomunitar immigr iniz carl cont ,[],negative
828596423058919424,chiar espert menc ,[],negative
828176613602893824,cos' simbol ross port arco trionfal ,[],negative
828366336522932224,fest continu manc ,[],neutral
828594705315328000,sent sent mariadefilipp ,[],negative
826484047262183424,orgogl ,[],positive
826487127605141506,gennai febbrai arriv sir ,['__EMOT_POS'],negative
826351494526038016,vol vogl vogl amic ,[],neutral
828623282991661056,ved gioved ,['__EMOT_POS'],positive
827295494183456768,manc settiman apparizion mar ,[],positive
827516183108792320,big gar artist canzon ,[],neutral
828410743410266112,porc castor leo doman cerc sanremo ,['__EMOT_POS'],positive
828194684912664578,iniz doman ser eccov recap ,[],neutral
828593181960896512,giur espert ,[],neutral
828564603323949057,stam min cominc ,[],neutral
827159290058268672,bianc atze max biagg sent amat ,[],neutral
828585310133030912,voc alta vuo gret menc giur espert fratell appunt ,[],negative
827563323034058753,marted febbrai team segu comment approf ,[],neutral
828573602505166848,doman emozionatissim felicissim ved vad vincitr ,['__EMOT_POS'],positive
828271066527199232,,[],neutral
828567717397553152,confert stamp ,[],neutral
828581604310261760,gret menc giur espert aiut chied vogl ibern mor dirett faa bah ,[],negative
828638841493921793,settiman sanremes albert salern ricord festival ,[],neutral
826365020586012673,test top ,[],positive
828533518502330369,poes ,['__EMOT_POS'],positive
828627224119148546,sembr affar ser ,[],positive
827477317886685185,fint normal sent tutto..tutt ,[],positive
828599480895299590,sponsorizz tim ,[],neutral
828623170290712577,pens jaliss ,[],positive
828170760569118720,manc ansi ved l'or ved bimb ,[],positive
827847148842676224,guard amam amam adri interpret aspett ,[],positive
828363467509882880,avvicin febbrai arriv sal vogl ved rend cont invecc ,[],positive
828636187749445637,ultimor intest cachet carl cont imit virgin ragg ,[],neutral
828588451943608320,apron mill piac pot telecom camb canal ,[],positive
828606787649671168,giur esperahahahahah ,[],negative
828368665515003904,class acqua fat larg ,['__EMOT_POS'],positive
827592816834519040,sponsor quest'ann ,[],neutral
827610788571574272,,['__EMOT_POS'],positive
826431477852340225,emorroid ,[],negative
826702378732765186,doman tim stor galler vittor emanuel mil ,[],neutral
827523614597578752,pens pubblic decent alien offens ,[],neutral
828317060228849664,topolin parl sanrem polem sponsorizz gran domen ,[],negative
828592482204184577,cad bass menc giudic boh ,[],negative
826473300956176387,legg test bran porter ,['__EMOT_POS'],neutral
828562523892879361,convinc list ospit sanremes ,[],neutral
826737807381106689,amo tantissim ,[],positive
828432981631127556,vabb doman iniz vogl mett ved l'or addorment second canzon ,['__EMOT_POS'],positive
826727686215172096,festival sal pod ,[],positive
828458360194293762,,[],neutral
828622793285697536,caric doman ,"['__EMOT_POS', '__EMOT_NEUT']",positive
826539587572998145,poch test aggiung not mag palc ariston ,['__EMOT_POS'],positive
827770369868185600,giorn ,['__EMOT_POS'],positive
828580240687583232,prem canzon test avra caratterist capac trasmett all'ester valor ,[],neutral
828362015391547392,dic nuov punt settiman ,[],positive
828584319526567937,pterodattil farfallin ,[],negative
828597363086356480,schiaff povert problem ,[],negative
828572671201968128,felic legg linus giur espert ,['__EMOT_POS'],positive
828626366258089984,retweeted gianc leon carl cont mar filipp ,[],neutral
828572737581043712,mercoled ser dip risult roma-fiorentin ,[],neutral
828332901766926336,twitter vend l'hashtag sanrem log tim discut ,[],neutral
828304751909560327,fatt caric cellul eur vot ,['__EMOT_POS'],positive
828572159832420353,gret menc voter far coglion vide musical ,[],negative
828622080220487681,piov maa ,[],positive
826747070971310081,tiz canter datem bombol ossigen ,[],positive
828549047279636480,trash pubblic ban volantin famil pugl ,[],negative
828617923069624320,ved sold invit menc giur espert ,[],negative
828368130716098564,fiorellamannoi pass trov sanrem lancom ,['__EMOT_POS'],neutral
828579840068554754,portac cont ahahahahahaahahahahah maria ,[],negative
827531163682164736,amica..cant ,['__EMOT_POS'],positive
828576152004468738,fras ricorr iniz festival cazz vint l'ann ,[],negative
828007733765033985,chiar ,[],neutral
828620366272688129,sheeran decent ,[],negative
828587706544508928,cit confert stamp ,['__EMOT_POS'],neutral
828569957285953536,voc palc dell'ariston ,[],neutral
827919647391506434,fan canter ,[],positive
826419093255385088,gioi immagin melod ,['__EMOT_POS'],positive
827172138243223552,bellissim test ,['__EMOT_POS'],positive
828622330482065409,vot ,[],positive
828535560209891328,ospit ,[],neutral
828569864663134208,sab ser colleg forz armat kosov ,[],neutral
828629016815009792,repubblicait alelavital aspett ,[],neutral
828602404044169216,parl allarm bomb iniz bott ,[],neutral
827168138785615872,c'e mur alto ved doman ,[],positive
826714316619575296,davver tiz canter tenc piang ,['__EMOT_POS'],positive
828583658151829504,gret menc tin cipollar esig spiegazion ,[],negative
827295085956100097,pass ,[],neutral
828619418242527233,annunc big gar fier ,[],positive
828573903501008896,pres federer seren williams mess giur qual menc ,[],negative
828628125751898112,ermal met ,['__EMOT_POS'],neutral
828287239654359040,success l'art lavor aspett tif bac ,['__EMOT_POS'],positive
828577598238240768,dic aspett mercoled ascolt canzon ,[],positive
828593957856739328,cantant veniss giudic menc scopp rid ,[],negative
827542332073467911,tommas zorz l'attacc sgarb acqua pass pens sanrem ,[],neutral
828575040123858944,ribrezz list big giur qual ,[],negative
828484250924101632,fot aspett secol ,[],positive
828635949835882496,l'ann prossim vad giudic sanrem ,[],negative
828605801614995456,gret menc far giur espert poss ,[],negative
827465918615867393,ricord distant dell'amor ,[],positive
828586196393742336,miglior farl sanrem ,['__EMOT_POS'],positive
827191275464060928,vogl freg ,[],positive
828604378789580801,prossim vogl giudic sanrem pres gret menc prend ,[],negative
827610285351514112,ricord ,[],neutral
828620837695651842,queen mary arriv dio immens proteggim ,[],positive
828538875475853312,confert stamp pens sper saprem scalett prim ser ,[],neutral
827936757853351936,spieg signif simbolin fianc ,[],neutral
826429688981622784,pubblic qual miglior test ,[],neutral
828633807305764867,com' stran sent belen special fot vide festival ,[],neutral
827591410891288576,becc trit tritr bau bau ,[],negative
827920624781778945,modal ,[],positive
828609910015397889,legg list ospit giur ,[],negative
828338504400646144,invi cominc l'avventur sanremes ,['__EMOT_POS'],positive
828567272402857984,estratt regol televot categor campion ,[],neutral
827927096156684292,sanrem sicur music ,[],positive
826530815693746178,vaffancul ,[],negative
828522168141148160,min torn sanrem voc palc dell'ariston ,[],neutral
828257535438225414,crin viagg ,[],neutral
827616583593971717,sostegn brasil ,['__EMOT_POS'],positive
828620676894453761,mah mettil prov aspett prov vide prepar ,[],neutral
828585971029532674,sal stamp wif vol ,[],negative
827615094725083136,t'immagin scler ,['__EMOT_POS'],positive
827510453047816192,invit boicott vision compens mme toglietem festival ,[],negative
827936431817494528,sanrem cant can porc uni ,[],negative
826427090216091648,lodov comell co-condurr festival vinc ,[],positive
828266985289089025,sentir cant ,[],positive
826384016689549314,test piac ,[],neutral
826502125320560640,vogl festival ,['__EMOT_POS'],neutral
828549243258470400,mar carl cont bordigher tirator scelt dron ciel vigil blind ,[],neutral
828583869347676164,prend compens lavor realizz programm sent piacevol ospit ,[],positive
827487986380054529,spot ide tim fenomen mediat man ,[],neutral
826375155769282561,inutil guarir malatt tren ciuf ciuf mind ,[],positive
828243810450866177,squadron rtl intrus ,['__EMOT_POS'],neutral
828592023523454976,l'avr dat import spieg disag corr anzi ,[],negative
828587555075551232,domand cazz sull'eventual presenz cleric carlucc festival lanc programm rispost evas fab ,[],neutral
828350864381374465,bocc lup marted poet ,['__EMOT_POS'],positive
828606124567961600,apprezz scelt menc effett rappresent categor vuol ,[],positive
828603832506654724,gret menc cant ,[],negative
828289387477729280,scend ,[],positive
828625098902999043,carlett person bell fortun incontr ,['__EMOT_POS'],positive
828609179678023681,vincer canzon merd ,[],negative
827589440843415552,vest ner pell bianc ross ciel ,[],neutral
828633271013629953,elod cant fin un'amor riccard cocciant scelt azzeccatissim ,[],positive
828598646564335617,permett popul doman iniz troiai l'abruzz gamb all'ar ,[],negative
826741938615361536,festival recuper sanrem luned febbrai aspett ,[],neutral
826173735929597952,ospit tiz ferr preved piant ,['__EMOT_NEG'],positive
828271591792447488,lel cant l'orchestr ,['__EMOT_POS'],positive
826424259547369473,,[],neutral
828604996937773056,gret espert esatt ,[],negative
828601413135716352,bellissim aspett ansi ,['__EMOT_POS'],positive
828575427211976704,cant settiman legg ,[],neutral
828595384171843584,sab febbrai ,[],neutral
827272413972803584,bell prom mar filipp ,[],neutral
828577648733462529,mar mot conduc onest ,[],neutral
828576289221120005,chiest raccont succed quest'ann decis farvel ,[],neutral
828620317937561600,fiduc elo paur giornal punt classic bei comment ,[],positive
828631403189387265,gret menc giudic pass andar stud fisic all'univers laur lod bac accadem ,[],negative
828238542652469250,realizz ,[],positive
828623463602651137,tif divert attent scal ,['__EMOT_POS'],positive
828581916777512961,doman l'esibizion bisogn confort ,[],positive
827470101460951040,anticip l'album marz liv rom milan ,[],neutral
828585861642088448,scopr gret menc giudic ,[],negative
826369605585207296,l'avre test gig d'aless bellissim sper rend music ,[],positive
828577996932014081,mar rispond domand sanrem sol ,[],neutral
828371174488997888,aspett ,[],neutral
828616227627139073,super gran lung tren amen amen ,[],neutral
828363042308112387,tort attra ,[],neutral
828626902067924992,davver person incred vittor success ,[],positive
826464318480867329,festival sanrem cantant gar brav parol michel brav ,[],positive
828570716857626624,ospit tantissimi.ricky martin clean bandit robb wiliams biffy clyro alvar soler kianu reeves ,[],neutral
828259672146792448,dimentic ,[],positive
827637942625648641,zinz armat ver ,[],neutral
828193149491228672,sanrem teatr sogn ,[],positive
828573232051736577,tott ospit cos' complott person ,[],positive
827149072884699138,sindac tarquin sostien ,[],positive
828168175359516672,manc vedrem palc auundhhvfnb ,[],positive
828590276281262082,aument cos ,[],positive
828572830270906368,rit pavon talent giur pens bast ,[],negative
828624118836764672,ferrer convint suon riprov mannoi ermal commoss d'un cia ,[],positive
827836156796628996,sanrem instagram campion ,['__EMOT_POS'],neutral
826976509369925633,,[],neutral
827230515526848512,cantautor bran ,[],neutral
828592093513801729,insult gret menc giudic rianim foll ,[],negative
828249664419930113,doman iniz settiman sanremes ,[],neutral
827524560681566209,ospit special ,[],neutral
826477457368870913,sab febbrai vad lodov ciaon ,[],positive
828236953007058946,prepar segu ,[],neutral
828591269614063616,davver paragon giorg surin gret menc permett neanc ,[],negative
828565440058232832,ritorn mik ,[],neutral
828570247091384321,carl cont present sal stamp ,[],neutral
828631087064743936,ital .son .fognin .niall shawn .simpl plan ,[],neutral
828612897798516736,ragazz giovan far giur lament ital pass music antic ,[],positive
827768950092083200,amor spacc ,[],positive
826475052434599937,ciaon ,[],positive
828633575843061760,quest'ann guarder sanrem l'ann prossim ,[],negative
828554249650987008,bepp vessicc ,[],neutral
827614502699016192,sostegn brasil ,['__EMOT_POS'],positive
828630840309587970,cener morbid mikimix nacqu caparezz aspett ,[],neutral
828579924458012673,"doman ved l'ora,s orgogl ripet mer cio.[?] ",['__EMOT_POS'],positive
827543795860398080,interv biciclett pedal ,[],neutral
828592047053471744,vogl ,['__EMOT_POS'],positive
827284325947187200,mar prom compr vedre ,[],positive
827930732614057984,dit programm miglior san rem ,"['__EMOT_POS', '__EMOT_NEG']",positive
828575789817921537,iniz torn europ buon ,"['__EMOT_POS', '__EMOT_NEUT']",positive
828639567758708736,gret menc giudic esprim ,[],negative
828209437001277446,fortun scorr passer emoticon pall arriver primaver ohm ohm ohm ,[],negative
828645229179916289,sara' ,[],neutral
827474522345504769,sbarc festival avra spaz fotogallery ,[],neutral
826201307467890690,donn iniz parl ,[],neutral
828177152705232896,ved l'or ved palc ,['__EMOT_POS'],positive
828615199259258881,gret words ,[],negative
826359580682809345,test ,[],neutral
828601856670711809,cerc cap possibil gret menc fin giur ,[],negative
827931496417730560,prefer ,[],positive
827206825191862272,biograf giovan gar ,[],neutral
828613828527140864,nell'anim cuor test ven ,[],positive
828557966412541953,hashtag log tim cac cambiatel risc gioc ,[],negative
828594613598420992,gret menc espert esatt ,[],negative
828570038886076416,alelavital arriv conduttor sanremora ,[],neutral
827427525970292736,manc realizz caric ,['__EMOT_POS'],positive
828581134820864000,vabb punt mett barbar d'urs ,[],negative
826424478221627392,perfett voc rend davver unic ,['__EMOT_POS'],positive
828603054966583296,dic dovess vinc sopport riterr gret menc dirett respons ,[],negative
828575653339525120,disturb gret menc giur l'immagin dell'elenc fot fogl scritt stort ,[],negative
827253823135551488,rai mand spot programm tem invasion ,[],negative
826374615849136128,tratt comun viv ,[],positive
828623374247219200,scus espert aspett produttor music discograf ,[],negative
826151258964758534,vogl festival ,['__EMOT_POS'],neutral
826549751478894592,vorre chied invit ,[],neutral
827147980402745345,iniz post interv fatt concorrent ,[],neutral
826146865456488450,vogl festival ,[],neutral
826744995990368256,sopravviver ,[],positive
828622368155299840,party aspett ,['__EMOT_POS'],neutral
828617448937156608,gret menc guidic ,[],negative
827887322725236737,talment tant castell possibil vittor lel dovess vinc bisogn psicolog ,[],positive
828616718520049664,sap iniz ,[],negative
828585735775203329,mar cit mar express confert mut ,[],neutral
828580916037566464,vedrem sanrem youtub ,[],negative
828612851728277504,gret menc giur espert l'ann prossim anch'i espert pizz scars fiduc nell'uman ,[],negative
828624150168211457,raccom sent voc ricord appogg ,['__EMOT_POS'],positive
827207988171644929,gar nuov propost guard ,[],neutral
828605550732726272,punt vad bell figur ,[],negative
828615677481189379,torn far ,[],neutral
828017487153332224,retweeted tommas pin seguic segu ,[],neutral
828604465607540736,mar pres compens sentir respons ascolt ,[],neutral
827889835083984896,aspett archiv festival story ,[],neutral
828304552722067457,sai segu casc scal sanrem ,[],positive
828630090955255808,vogl festival ,[],neutral
828261672112492544,mor pront ,[],positive
828605521502547969,doman scaldiamoc ranier d'ann bel montefalc rosso.w ,[],positive
827289730236694528,scriv ,[],positive
828295400171905024,cos' alias curios ,[],neutral
828294819764109313,repubblicait twitter vend log discut sanremora ,[],neutral
828594093689278465,rovin festival import ital mett menc giur ,[],negative
827991168013234180,scald dit settiman prossim ,[],positive
828240113251581952,corr buon viagg buon festival ,['__EMOT_POS'],positive
828273657399083013,marted inizier d'aless guard ,[],negative
828364339337973761,cos camb ,['__EMOT_POS'],positive
828381441230790656,iniz nott bianc gioi sab arriv ,['__EMOT_POS'],positive
828583603986644992,gratis ricev compens ospit rai sanrem ospit lavor fin ,[],neutral
828533978797838336,pront arriv ,['__EMOT_POS'],positive
828556354742673409,attenzion spot telepat stor television ,[],neutral
828526176918523904,top miglior canzon festival ultim vide ,[],neutral
828544835153981443,alelavital sanremora party clementinoien ,[],neutral
828619701337128961,sent ,[],neutral
828295617776590848,ved l'or ved lele ,[],positive
828588902831255555,termin confert stamp streaming rai conclud log sanrem ,[],neutral
828218246264401921,valer farinacc music legger vogl cant ,[],neutral
828581578934775809,mar chied giornal poss darc ,[],neutral
828361353995890688,manc marted ospit sent l'ansiett aument ,[],positive
828599250653159424,evacu palafior pacc sospett ,[],neutral
828321570137444352,poch min tendenz twitter ,[],neutral
828193585464037376,cont ter festival inclus ,[],neutral
828378153265528832,iniz settiman ,['__EMOT_POS'],positive
826358739104043009,campion ,[],positive
828642834085449728,bell ,['__EMOT_POS'],positive
828532656627400704,settiman sanremes segu dovre prepar l'ultim esam impazzir ,[],positive
827577812257222661,emozion ved ascolt conquister ,['__EMOT_POS'],positive
826347579151622144,test bran ,[],positive
827196198788464640,manc giorn ,[],positive
826337623673286656,"pubblic test toto-sanremo""?quest'ann test prefer ",['__EMOT_POS'],positive
827594456706740225,oltretutt nun amant regazzin ,[],negative
828548200508301312,iniz ,[],positive
828377763056852992,terry publicou agorinh essa fot com lod fest bel brindis iniz ,[],positive
828581384868487168,filipp frastorn sent belen dire belin ,[],neutral
828623405150793729,gret menc giur davver competent dimostr ascolt talent ,[],negative
828619736321814529,gret menc far giur vogl giur assegn oscar ,[],negative
828572440645292032,spieg c'entr menc ,[],negative
828596476423045120,gret menc ved accant placid giur espert musical par sens ,[],negative
828249995807698944,sim vot intest maggiorenn vot cont attenzion ,['__EMOT_NEUT'],neutral
828147920692244482,sanrem ragazz pens all'amer guard ,[],positive
828688443072987137,uscir album ,[],neutral
828269891400630272,staser marted ,[],neutral
826203648791367680,prospett sbellic ris ,[],neutral
828346743074996225,doman iniz settiman ,['__EMOT_POS'],positive
828551592832073729,gar social ret incoron ,[],positive
826376505248907264,test l'interpret voc elod poes ,['__EMOT_POS'],positive
828604202435878914,doman iniz manuel agnell pens ,[],neutral
828349921862508548,oriett cant interess rovazz mandatel ,[],negative
826553938430279681,settiman festival ,"['__EMOT_POS', '__EMOT_NEUT']",positive
826152447668318208,iniz vann prov ved l'or doman ved test ,[],positive
828547212036685824,bocc lup pink flaming tif ,"['__EMOT_POS', '__EMOT_NEUT']",positive
828587631076311040,cazz signif gret menc giur prend cul ,[],negative
828643628385976321,doman amer sagr pizz spaghett ,[],negative
827240353577189376,vogl festival ,['__EMOT_POS'],neutral
828575092418420737,ser doman c'e elod ,['__EMOT_POS'],positive
826359348876148737,buongiorn ved copertin ,['__EMOT_POS'],neutral
828307332086038528,felic facendo.in bocc lup ,['__EMOT_POS'],positive
827965153891250179,progett ,[],neutral
826463237940064256,vogl festival afdsykjghnok ,[],neutral
828270301238657024,direzion sanrem ,[],positive
827817308139769856,l'event facebook vegl testimon ,[],neutral
828313507988983808,pubblic countdown mett ansi ,['__EMOT_POS'],positive
828608683789651974,iniz ,[],neutral
828555489181106176,,[],neutral
828577135090606081,fighissim cont invent nom dic giur espert dicc ver ,['__EMOT_POS'],positive
